{"cameraMode":{"drawMode":0,"name":"Shaded","section":"Shading Mode"},"sceneLighting":false,"audioPlay":false,"sceneViewState":{"showFog":true,"showMaterialUpdate":false,"showSkybox":false,"showFlares":true,"showImageEffects":true,"showParticleSystems":true},"in2DMode":false,"pivot":{"x":-0.9488992691040039,"y":6.336973667144775,"z":10.138984680175782},"rotation":{"x":-0.02467212826013565,"y":0.9710947871208191,"z":-0.11137931048870087,"w":-0.2102452963590622},"size":37.91372299194336,"orthographic":false}